"rgn_id","product","year","gap_fill"
1,"corals",1981,"prod_average"
1,"corals",1982,"prod_average"
1,"corals",1983,"prod_average"
1,"corals",1984,"prod_average"
1,"corals",1985,"prod_average"
1,"corals",1986,"prod_average"
1,"corals",1987,"prod_average"
1,"corals",1988,"prod_average"
1,"corals",1989,"prod_average"
1,"corals",1990,"prod_average"
1,"corals",1991,"prod_average"
1,"corals",1992,"prod_average"
1,"corals",1993,"prod_average"
1,"corals",1994,"prod_average"
1,"corals",1995,"prod_average"
1,"corals",1996,"prod_average"
1,"corals",1997,"prod_average"
1,"corals",1998,"prod_average"
1,"corals",1999,"prod_average"
1,"corals",2000,"prod_average"
1,"corals",2001,"prod_average"
1,"corals",2002,"prod_average"
1,"corals",2003,"prod_average"
1,"corals",2004,"prod_average"
1,"corals",2005,"prod_average"
1,"corals",2006,"prod_average"
1,"corals",2007,"prod_average"
1,"corals",2008,"prod_average"
1,"corals",2009,"prod_average"
1,"corals",2010,"prod_average"
1,"corals",2011,"prod_average"
2,"corals",1981,"prod_average"
2,"corals",1982,"prod_average"
2,"corals",1983,"prod_average"
2,"corals",1984,"prod_average"
2,"corals",1985,"prod_average"
2,"corals",1986,"prod_average"
2,"corals",1987,"prod_average"
2,"corals",1988,"prod_average"
2,"corals",1989,"prod_average"
2,"corals",1990,"prod_average"
2,"corals",1991,"prod_average"
2,"corals",1992,"prod_average"
2,"corals",1993,"prod_average"
2,"corals",1994,"prod_average"
2,"corals",1995,"prod_average"
2,"corals",1996,"prod_average"
2,"corals",1997,"prod_average"
2,"corals",1998,"prod_average"
2,"corals",1999,"prod_average"
2,"corals",2000,"prod_average"
2,"corals",2001,"prod_average"
2,"corals",2002,"prod_average"
2,"corals",2003,"prod_average"
2,"corals",2004,"prod_average"
2,"corals",2005,"prod_average"
2,"corals",2006,"prod_average"
2,"corals",2007,"prod_average"
2,"corals",2008,"prod_average"
2,"corals",2009,"prod_average"
2,"corals",2010,"prod_average"
2,"corals",2011,"prod_average"
3,"corals",1981,"prod_average"
3,"corals",1982,"prod_average"
3,"corals",1983,"prod_average"
3,"corals",1984,"prod_average"
3,"corals",1985,"prod_average"
3,"corals",1986,"prod_average"
3,"corals",1987,"prod_average"
3,"corals",1988,"prod_average"
3,"corals",1989,"prod_average"
3,"corals",1990,"prod_average"
3,"corals",1991,"prod_average"
3,"corals",1992,"prod_average"
3,"corals",1993,"prod_average"
3,"corals",1994,"prod_average"
3,"corals",1995,"prod_average"
3,"corals",1996,"prod_average"
3,"corals",1997,"prod_average"
3,"corals",1998,"prod_average"
3,"corals",1999,"prod_average"
3,"corals",2000,"prod_average"
3,"corals",2001,"prod_average"
3,"corals",2002,"prod_average"
3,"corals",2003,"prod_average"
3,"corals",2004,"prod_average"
3,"corals",2005,"prod_average"
3,"corals",2006,"prod_average"
3,"corals",2007,"prod_average"
3,"corals",2008,"prod_average"
3,"corals",2009,"prod_average"
3,"corals",2010,"prod_average"
3,"corals",2011,"prod_average"
4,"corals",1981,"prod_average"
4,"corals",1982,"prod_average"
4,"corals",1983,"prod_average"
4,"corals",1984,"prod_average"
4,"corals",1985,"prod_average"
4,"corals",1986,"prod_average"
4,"corals",1987,"prod_average"
4,"corals",1988,"prod_average"
4,"corals",1989,"prod_average"
4,"corals",1990,"prod_average"
4,"corals",1991,"prod_average"
4,"corals",1992,"prod_average"
4,"corals",1993,"prod_average"
4,"corals",1994,"prod_average"
4,"corals",1995,"prod_average"
4,"corals",1996,"prod_average"
4,"corals",1997,"prod_average"
4,"corals",1998,"prod_average"
4,"corals",1999,"prod_average"
4,"corals",2000,"prod_average"
4,"corals",2001,"prod_average"
4,"corals",2002,"prod_average"
4,"corals",2003,"prod_average"
4,"corals",2004,"prod_average"
4,"corals",2005,"prod_average"
4,"corals",2006,"prod_average"
4,"corals",2007,"prod_average"
4,"corals",2008,"prod_average"
4,"corals",2009,"prod_average"
4,"corals",2010,"prod_average"
4,"corals",2011,"prod_average"
5,"corals",1981,"prod_average"
5,"corals",1982,"prod_average"
5,"corals",1983,"prod_average"
5,"corals",1984,"prod_average"
5,"corals",1985,"prod_average"
5,"corals",1986,"prod_average"
5,"corals",1987,"prod_average"
5,"corals",1988,"prod_average"
5,"corals",1989,"prod_average"
5,"corals",1990,"prod_average"
5,"corals",1991,"prod_average"
5,"corals",1992,"prod_average"
5,"corals",1993,"prod_average"
5,"corals",1994,"prod_average"
5,"corals",1995,"prod_average"
5,"corals",1996,"prod_average"
5,"corals",1997,"prod_average"
5,"corals",1998,"prod_average"
5,"corals",1999,"prod_average"
5,"corals",2000,"prod_average"
5,"corals",2001,"prod_average"
5,"corals",2002,"prod_average"
5,"corals",2003,"prod_average"
5,"corals",2004,"prod_average"
5,"corals",2005,"prod_average"
5,"corals",2006,"prod_average"
5,"corals",2007,"prod_average"
5,"corals",2008,"prod_average"
5,"corals",2009,"prod_average"
5,"corals",2010,"prod_average"
5,"corals",2011,"prod_average"
6,"corals",1981,"prod_average"
6,"corals",1982,"prod_average"
6,"corals",1983,"prod_average"
6,"corals",1984,"prod_average"
6,"corals",1985,"prod_average"
6,"corals",1986,"prod_average"
6,"corals",1987,"prod_average"
6,"corals",1988,"prod_average"
6,"corals",1989,"prod_average"
6,"corals",1990,"prod_average"
6,"corals",1991,"prod_average"
6,"corals",1992,"prod_average"
6,"corals",1993,"prod_average"
6,"corals",1994,"prod_average"
6,"corals",1995,"prod_average"
6,"corals",1996,"prod_average"
6,"corals",1997,"prod_average"
6,"corals",1998,"prod_average"
6,"corals",1999,"prod_average"
6,"corals",2000,"prod_average"
6,"corals",2001,"prod_average"
6,"corals",2002,"prod_average"
6,"corals",2003,"prod_average"
6,"corals",2004,"prod_average"
6,"corals",2005,"prod_average"
6,"corals",2006,"prod_average"
6,"corals",2007,"prod_average"
6,"corals",2008,"prod_average"
6,"corals",2009,"prod_average"
6,"corals",2010,"prod_average"
6,"corals",2011,"prod_average"
7,"corals",1981,"prod_average"
7,"corals",1982,"prod_average"
7,"corals",1983,"prod_average"
7,"corals",1984,"prod_average"
7,"corals",1985,"prod_average"
7,"corals",1986,"prod_average"
7,"corals",1987,"prod_average"
7,"corals",1988,"prod_average"
7,"corals",1989,"prod_average"
7,"corals",1990,"prod_average"
7,"corals",1991,"prod_average"
7,"corals",1992,"prod_average"
7,"corals",1993,"prod_average"
7,"corals",1994,"prod_average"
7,"corals",1995,"prod_average"
7,"corals",1996,"prod_average"
7,"corals",1997,"prod_average"
7,"corals",1998,"prod_average"
7,"corals",1999,"prod_average"
7,"corals",2000,"prod_average"
7,"corals",2001,"prod_average"
7,"corals",2002,"prod_average"
7,"corals",2003,"prod_average"
7,"corals",2004,"prod_average"
7,"corals",2005,"prod_average"
7,"corals",2006,"prod_average"
7,"corals",2007,"prod_average"
7,"corals",2008,"prod_average"
7,"corals",2009,"prod_average"
7,"corals",2010,"prod_average"
7,"corals",2011,"prod_average"
8,"corals",1981,"prod_average"
8,"corals",1982,"prod_average"
8,"corals",1983,"prod_average"
8,"corals",1984,"prod_average"
8,"corals",1985,"prod_average"
8,"corals",1986,"prod_average"
8,"corals",1987,"prod_average"
8,"corals",1988,"prod_average"
8,"corals",1989,"prod_average"
8,"corals",1990,"prod_average"
8,"corals",1991,"prod_average"
8,"corals",1992,"prod_average"
8,"corals",1993,"prod_average"
8,"corals",1994,"prod_average"
8,"corals",1995,"prod_average"
8,"corals",1996,"prod_average"
8,"corals",1997,"prod_average"
8,"corals",1998,"prod_average"
8,"corals",1999,"prod_average"
8,"corals",2000,"prod_average"
8,"corals",2001,"prod_average"
8,"corals",2002,"prod_average"
8,"corals",2003,"prod_average"
8,"corals",2004,"prod_average"
8,"corals",2005,"prod_average"
8,"corals",2006,"prod_average"
8,"corals",2007,"prod_average"
8,"corals",2008,"prod_average"
8,"corals",2009,"prod_average"
8,"corals",2010,"prod_average"
8,"corals",2011,"prod_average"
9,"corals",1981,"prod_average"
9,"corals",1982,"prod_average"
9,"corals",1983,"prod_average"
9,"corals",1984,"prod_average"
9,"corals",1985,"prod_average"
9,"corals",1986,"prod_average"
9,"corals",1987,"prod_average"
9,"corals",1988,"prod_average"
9,"corals",1989,"prod_average"
9,"corals",1990,"prod_average"
9,"corals",1991,"prod_average"
9,"corals",1992,"prod_average"
9,"corals",1993,"prod_average"
9,"corals",1994,"prod_average"
9,"corals",1995,"prod_average"
9,"corals",1996,"prod_average"
9,"corals",1997,"prod_average"
9,"corals",1998,"prod_average"
9,"corals",1999,"prod_average"
9,"corals",2000,"prod_average"
9,"corals",2001,"prod_average"
9,"corals",2002,"prod_average"
9,"corals",2003,"prod_average"
9,"corals",2004,"prod_average"
9,"corals",2005,"prod_average"
9,"corals",2006,"prod_average"
9,"corals",2007,"prod_average"
9,"corals",2008,"prod_average"
9,"corals",2009,"prod_average"
9,"corals",2010,"prod_average"
9,"corals",2011,"prod_average"
10,"corals",1981,"prod_average"
10,"corals",1982,"prod_average"
10,"corals",1983,"prod_average"
10,"corals",1984,"prod_average"
10,"corals",1985,"prod_average"
10,"corals",1986,"prod_average"
10,"corals",1987,"prod_average"
10,"corals",1988,"prod_average"
10,"corals",1989,"prod_average"
10,"corals",1990,"prod_average"
10,"corals",1991,"prod_average"
10,"corals",1992,"prod_average"
10,"corals",1993,"prod_average"
10,"corals",1994,"prod_average"
10,"corals",1995,"prod_average"
10,"corals",1996,"prod_average"
10,"corals",1997,"prod_average"
10,"corals",1998,"prod_average"
10,"corals",1999,"prod_average"
10,"corals",2000,"prod_average"
10,"corals",2001,"prod_average"
10,"corals",2002,"prod_average"
10,"corals",2003,"prod_average"
10,"corals",2004,"prod_average"
10,"corals",2005,"prod_average"
10,"corals",2006,"prod_average"
10,"corals",2007,"prod_average"
10,"corals",2008,"prod_average"
10,"corals",2009,"prod_average"
10,"corals",2010,"prod_average"
10,"corals",2011,"prod_average"
1,"seaweeds",1981,"0"
1,"seaweeds",1982,"0"
1,"seaweeds",1983,"0"
1,"seaweeds",1984,"0"
1,"seaweeds",1985,"0"
1,"seaweeds",1986,"0"
1,"seaweeds",1987,"0"
1,"seaweeds",1988,"0"
1,"seaweeds",1989,"0"
1,"seaweeds",1990,"0"
1,"seaweeds",1991,"0"
1,"seaweeds",1992,"0"
1,"seaweeds",1993,"0"
1,"seaweeds",1994,"0"
1,"seaweeds",1995,"0"
1,"seaweeds",1996,"0"
1,"seaweeds",1997,"0"
1,"seaweeds",1998,"0"
1,"seaweeds",1999,"0"
1,"seaweeds",2000,"0"
1,"seaweeds",2001,"0"
1,"seaweeds",2002,"0"
1,"seaweeds",2003,"0"
1,"seaweeds",2004,"0"
1,"seaweeds",2005,"0"
1,"seaweeds",2006,"0"
1,"seaweeds",2007,"0"
1,"seaweeds",2008,"0"
1,"seaweeds",2009,"0"
1,"seaweeds",2010,"0"
1,"seaweeds",2011,"0"
2,"seaweeds",1981,"0"
2,"seaweeds",1982,"0"
2,"seaweeds",1983,"0"
2,"seaweeds",1984,"0"
2,"seaweeds",1985,"0"
2,"seaweeds",1986,"0"
2,"seaweeds",1987,"0"
2,"seaweeds",1988,"0"
2,"seaweeds",1989,"0"
2,"seaweeds",1990,"0"
2,"seaweeds",1991,"0"
2,"seaweeds",1992,"0"
2,"seaweeds",1993,"0"
2,"seaweeds",1994,"0"
2,"seaweeds",1995,"0"
2,"seaweeds",1996,"0"
2,"seaweeds",1997,"0"
2,"seaweeds",1998,"0"
2,"seaweeds",1999,"0"
2,"seaweeds",2000,"0"
2,"seaweeds",2001,"0"
2,"seaweeds",2002,"0"
2,"seaweeds",2003,"0"
2,"seaweeds",2004,"0"
2,"seaweeds",2005,"0"
2,"seaweeds",2006,"0"
2,"seaweeds",2007,"0"
2,"seaweeds",2008,"0"
2,"seaweeds",2009,"0"
2,"seaweeds",2010,"0"
2,"seaweeds",2011,"0"
3,"seaweeds",1981,"0"
3,"seaweeds",1982,"0"
3,"seaweeds",1983,"0"
3,"seaweeds",1984,"0"
3,"seaweeds",1985,"0"
3,"seaweeds",1986,"0"
3,"seaweeds",1987,"0"
3,"seaweeds",1988,"0"
3,"seaweeds",1989,"0"
3,"seaweeds",1990,"0"
3,"seaweeds",1991,"0"
3,"seaweeds",1992,"0"
3,"seaweeds",1993,"0"
3,"seaweeds",1994,"0"
3,"seaweeds",1995,"0"
3,"seaweeds",1996,"0"
3,"seaweeds",1997,"0"
3,"seaweeds",1998,"0"
3,"seaweeds",1999,"0"
3,"seaweeds",2000,"0"
3,"seaweeds",2001,"0"
3,"seaweeds",2002,"0"
3,"seaweeds",2003,"0"
3,"seaweeds",2004,"0"
3,"seaweeds",2005,"0"
3,"seaweeds",2006,"0"
3,"seaweeds",2007,"0"
3,"seaweeds",2008,"0"
3,"seaweeds",2009,"0"
3,"seaweeds",2010,"0"
3,"seaweeds",2011,"0"
4,"seaweeds",1981,"0"
4,"seaweeds",1982,"0"
4,"seaweeds",1983,"0"
4,"seaweeds",1984,"0"
4,"seaweeds",1985,"0"
4,"seaweeds",1986,"0"
4,"seaweeds",1987,"0"
4,"seaweeds",1988,"0"
4,"seaweeds",1989,"0"
4,"seaweeds",1990,"0"
4,"seaweeds",1991,"0"
4,"seaweeds",1992,"0"
4,"seaweeds",1993,"0"
4,"seaweeds",1994,"0"
4,"seaweeds",1995,"0"
4,"seaweeds",1996,"0"
4,"seaweeds",1997,"0"
4,"seaweeds",1998,"0"
4,"seaweeds",1999,"0"
4,"seaweeds",2000,"0"
4,"seaweeds",2001,"0"
4,"seaweeds",2002,"0"
4,"seaweeds",2003,"0"
4,"seaweeds",2004,"0"
4,"seaweeds",2005,"0"
4,"seaweeds",2006,"0"
4,"seaweeds",2007,"0"
4,"seaweeds",2008,"0"
4,"seaweeds",2009,"0"
4,"seaweeds",2010,"0"
4,"seaweeds",2011,"0"
5,"seaweeds",1981,"0"
5,"seaweeds",1982,"0"
5,"seaweeds",1983,"0"
5,"seaweeds",1984,"0"
5,"seaweeds",1985,"0"
5,"seaweeds",1986,"0"
5,"seaweeds",1987,"0"
5,"seaweeds",1988,"0"
5,"seaweeds",1989,"0"
5,"seaweeds",1990,"0"
5,"seaweeds",1991,"0"
5,"seaweeds",1992,"0"
5,"seaweeds",1993,"0"
5,"seaweeds",1994,"0"
5,"seaweeds",1995,"0"
5,"seaweeds",1996,"0"
5,"seaweeds",1997,"0"
5,"seaweeds",1998,"0"
5,"seaweeds",1999,"0"
5,"seaweeds",2000,"0"
5,"seaweeds",2001,"0"
5,"seaweeds",2002,"0"
5,"seaweeds",2003,"0"
5,"seaweeds",2004,"0"
5,"seaweeds",2005,"0"
5,"seaweeds",2006,"0"
5,"seaweeds",2007,"0"
5,"seaweeds",2008,"0"
5,"seaweeds",2009,"0"
5,"seaweeds",2010,"0"
5,"seaweeds",2011,"0"
6,"seaweeds",1981,"0"
6,"seaweeds",1982,"0"
6,"seaweeds",1983,"0"
6,"seaweeds",1984,"0"
6,"seaweeds",1985,"0"
6,"seaweeds",1986,"0"
6,"seaweeds",1987,"0"
6,"seaweeds",1988,"0"
6,"seaweeds",1989,"0"
6,"seaweeds",1990,"0"
6,"seaweeds",1991,"0"
6,"seaweeds",1992,"0"
6,"seaweeds",1993,"0"
6,"seaweeds",1994,"0"
6,"seaweeds",1995,"0"
6,"seaweeds",1996,"0"
6,"seaweeds",1997,"0"
6,"seaweeds",1998,"0"
6,"seaweeds",1999,"0"
6,"seaweeds",2000,"0"
6,"seaweeds",2001,"0"
6,"seaweeds",2002,"0"
6,"seaweeds",2003,"0"
6,"seaweeds",2004,"0"
6,"seaweeds",2005,"0"
6,"seaweeds",2006,"0"
6,"seaweeds",2007,"0"
6,"seaweeds",2008,"0"
6,"seaweeds",2009,"0"
6,"seaweeds",2010,"0"
6,"seaweeds",2011,"0"
7,"seaweeds",1981,"0"
7,"seaweeds",1982,"0"
7,"seaweeds",1983,"0"
7,"seaweeds",1984,"0"
7,"seaweeds",1985,"0"
7,"seaweeds",1986,"0"
7,"seaweeds",1987,"0"
7,"seaweeds",1988,"0"
7,"seaweeds",1989,"0"
7,"seaweeds",1990,"0"
7,"seaweeds",1991,"0"
7,"seaweeds",1992,"0"
7,"seaweeds",1993,"0"
7,"seaweeds",1994,"0"
7,"seaweeds",1995,"0"
7,"seaweeds",1996,"0"
7,"seaweeds",1997,"0"
7,"seaweeds",1998,"0"
7,"seaweeds",1999,"0"
7,"seaweeds",2000,"0"
7,"seaweeds",2001,"0"
7,"seaweeds",2002,"0"
7,"seaweeds",2003,"0"
7,"seaweeds",2004,"0"
7,"seaweeds",2005,"0"
7,"seaweeds",2006,"0"
7,"seaweeds",2007,"0"
7,"seaweeds",2008,"0"
7,"seaweeds",2009,"0"
7,"seaweeds",2010,"0"
7,"seaweeds",2011,"0"
8,"seaweeds",1981,"0"
8,"seaweeds",1982,"0"
8,"seaweeds",1983,"0"
8,"seaweeds",1984,"0"
8,"seaweeds",1985,"0"
8,"seaweeds",1986,"0"
8,"seaweeds",1987,"0"
8,"seaweeds",1988,"0"
8,"seaweeds",1989,"0"
8,"seaweeds",1990,"0"
8,"seaweeds",1991,"0"
8,"seaweeds",1992,"0"
8,"seaweeds",1993,"0"
8,"seaweeds",1994,"0"
8,"seaweeds",1995,"0"
8,"seaweeds",1996,"0"
8,"seaweeds",1997,"0"
8,"seaweeds",1998,"0"
8,"seaweeds",1999,"0"
8,"seaweeds",2000,"0"
8,"seaweeds",2001,"0"
8,"seaweeds",2002,"0"
8,"seaweeds",2003,"0"
8,"seaweeds",2004,"0"
8,"seaweeds",2005,"0"
8,"seaweeds",2006,"0"
8,"seaweeds",2007,"0"
8,"seaweeds",2008,"0"
8,"seaweeds",2009,"0"
8,"seaweeds",2010,"0"
8,"seaweeds",2011,"0"
9,"seaweeds",1981,"0"
9,"seaweeds",1982,"0"
9,"seaweeds",1983,"0"
9,"seaweeds",1984,"0"
9,"seaweeds",1985,"0"
9,"seaweeds",1986,"0"
9,"seaweeds",1987,"0"
9,"seaweeds",1988,"0"
9,"seaweeds",1989,"0"
9,"seaweeds",1990,"0"
9,"seaweeds",1991,"0"
9,"seaweeds",1992,"0"
9,"seaweeds",1993,"0"
9,"seaweeds",1994,"0"
9,"seaweeds",1995,"0"
9,"seaweeds",1996,"0"
9,"seaweeds",1997,"0"
9,"seaweeds",1998,"0"
9,"seaweeds",1999,"0"
9,"seaweeds",2000,"0"
9,"seaweeds",2001,"0"
9,"seaweeds",2002,"0"
9,"seaweeds",2003,"0"
9,"seaweeds",2004,"0"
9,"seaweeds",2005,"0"
9,"seaweeds",2006,"0"
9,"seaweeds",2007,"0"
9,"seaweeds",2008,"0"
9,"seaweeds",2009,"0"
9,"seaweeds",2010,"0"
9,"seaweeds",2011,"0"
10,"seaweeds",1981,"0"
10,"seaweeds",1982,"0"
10,"seaweeds",1983,"0"
10,"seaweeds",1984,"0"
10,"seaweeds",1985,"0"
10,"seaweeds",1986,"0"
10,"seaweeds",1987,"0"
10,"seaweeds",1988,"0"
10,"seaweeds",1989,"0"
10,"seaweeds",1990,"0"
10,"seaweeds",1991,"0"
10,"seaweeds",1992,"0"
10,"seaweeds",1993,"0"
10,"seaweeds",1994,"0"
10,"seaweeds",1995,"0"
10,"seaweeds",1996,"0"
10,"seaweeds",1997,"0"
10,"seaweeds",1998,"0"
10,"seaweeds",1999,"0"
10,"seaweeds",2000,"0"
10,"seaweeds",2001,"0"
10,"seaweeds",2002,"0"
10,"seaweeds",2003,"0"
10,"seaweeds",2004,"0"
10,"seaweeds",2005,"0"
10,"seaweeds",2006,"0"
10,"seaweeds",2007,"0"
10,"seaweeds",2008,"0"
10,"seaweeds",2009,"0"
10,"seaweeds",2010,"0"
10,"seaweeds",2011,"0"
1,"ornamentals",1977,"0"
1,"ornamentals",1978,"0"
1,"ornamentals",1979,"0"
1,"ornamentals",1980,"0"
1,"ornamentals",1981,"0"
1,"ornamentals",1982,"0"
1,"ornamentals",1983,"0"
1,"ornamentals",1984,"0"
1,"ornamentals",1985,"0"
1,"ornamentals",1986,"0"
1,"ornamentals",1987,"0"
1,"ornamentals",1988,"0"
1,"ornamentals",1989,"0"
1,"ornamentals",1990,"0"
1,"ornamentals",1991,"0"
1,"ornamentals",1992,"0"
1,"ornamentals",1993,"0"
1,"ornamentals",1994,"0"
1,"ornamentals",1995,"0"
1,"ornamentals",1996,"0"
1,"ornamentals",1997,"0"
1,"ornamentals",1998,"0"
1,"ornamentals",1999,"0"
1,"ornamentals",2000,"0"
1,"ornamentals",2001,"0"
1,"ornamentals",2002,"0"
1,"ornamentals",2003,"0"
1,"ornamentals",2004,"0"
1,"ornamentals",2005,"0"
1,"ornamentals",2006,"0"
1,"ornamentals",2007,"0"
1,"ornamentals",2008,"0"
1,"ornamentals",2009,"0"
1,"ornamentals",2010,"0"
1,"ornamentals",2011,"0"
1,"shells",1981,"0"
1,"shells",1982,"0"
1,"shells",1983,"0"
1,"shells",1984,"0"
1,"shells",1985,"0"
1,"shells",1986,"0"
1,"shells",1987,"0"
1,"shells",1988,"0"
1,"shells",1989,"0"
1,"shells",1990,"0"
1,"shells",1991,"0"
1,"shells",1992,"0"
1,"shells",1993,"0"
1,"shells",1994,"0"
1,"shells",1995,"0"
1,"shells",1996,"0"
1,"shells",1997,"0"
1,"shells",1998,"0"
1,"shells",1999,"0"
1,"shells",2000,"0"
1,"shells",2001,"0"
1,"shells",2002,"0"
1,"shells",2003,"0"
1,"shells",2004,"0"
1,"shells",2005,"0"
1,"shells",2006,"0"
1,"shells",2007,"0"
1,"shells",2008,"0"
1,"shells",2009,"0"
1,"shells",2010,"0"
1,"shells",2011,"0"
1,"sponges",1981,"0"
1,"sponges",1982,"0"
1,"sponges",1983,"0"
1,"sponges",1984,"0"
1,"sponges",1985,"0"
1,"sponges",1986,"0"
1,"sponges",1987,"0"
1,"sponges",1988,"0"
1,"sponges",1989,"0"
1,"sponges",1990,"0"
1,"sponges",1991,"0"
1,"sponges",1992,"0"
1,"sponges",1993,"0"
1,"sponges",1994,"0"
1,"sponges",1995,"0"
1,"sponges",1996,"0"
1,"sponges",1997,"0"
1,"sponges",1998,"0"
1,"sponges",1999,"0"
1,"sponges",2000,"0"
1,"sponges",2001,"0"
1,"sponges",2002,"0"
1,"sponges",2003,"0"
1,"sponges",2004,"0"
1,"sponges",2005,"0"
1,"sponges",2006,"0"
1,"sponges",2007,"0"
1,"sponges",2008,"0"
1,"sponges",2009,"0"
1,"sponges",2010,"0"
1,"sponges",2011,"0"
2,"ornamentals",1977,"0"
2,"ornamentals",1978,"0"
2,"ornamentals",1979,"0"
2,"ornamentals",1980,"0"
2,"ornamentals",1981,"0"
2,"ornamentals",1982,"0"
2,"ornamentals",1983,"0"
2,"ornamentals",1984,"0"
2,"ornamentals",1985,"0"
2,"ornamentals",1986,"0"
2,"ornamentals",1987,"0"
2,"ornamentals",1988,"0"
2,"ornamentals",1989,"0"
2,"ornamentals",1990,"0"
2,"ornamentals",1991,"0"
2,"ornamentals",1992,"0"
2,"ornamentals",1993,"0"
2,"ornamentals",1994,"0"
2,"ornamentals",1995,"0"
2,"ornamentals",1996,"0"
2,"ornamentals",1997,"0"
2,"ornamentals",1998,"0"
2,"ornamentals",1999,"0"
2,"ornamentals",2000,"0"
2,"ornamentals",2001,"0"
2,"ornamentals",2002,"0"
2,"ornamentals",2003,"0"
2,"ornamentals",2004,"0"
2,"ornamentals",2005,"0"
2,"ornamentals",2006,"0"
2,"ornamentals",2007,"0"
2,"ornamentals",2008,"0"
2,"ornamentals",2009,"0"
2,"ornamentals",2010,"0"
2,"ornamentals",2011,"0"
2,"shells",1981,"0"
2,"shells",1982,"0"
2,"shells",1983,"0"
2,"shells",1984,"0"
2,"shells",1985,"0"
2,"shells",1986,"0"
2,"shells",1987,"0"
2,"shells",1988,"0"
2,"shells",1989,"0"
2,"shells",1990,"0"
2,"shells",1991,"0"
2,"shells",1992,"0"
2,"shells",1993,"0"
2,"shells",1994,"0"
2,"shells",1995,"0"
2,"shells",1996,"0"
2,"shells",1997,"0"
2,"shells",1998,"0"
2,"shells",1999,"0"
2,"shells",2000,"0"
2,"shells",2001,"0"
2,"shells",2002,"0"
2,"shells",2003,"0"
2,"shells",2004,"0"
2,"shells",2005,"0"
2,"shells",2006,"0"
2,"shells",2007,"0"
2,"shells",2008,"0"
2,"shells",2009,"0"
2,"shells",2010,"0"
2,"shells",2011,"0"
2,"sponges",1981,"0"
2,"sponges",1982,"0"
2,"sponges",1983,"0"
2,"sponges",1984,"0"
2,"sponges",1985,"0"
2,"sponges",1986,"0"
2,"sponges",1987,"0"
2,"sponges",1988,"0"
2,"sponges",1989,"0"
2,"sponges",1990,"0"
2,"sponges",1991,"0"
2,"sponges",1992,"0"
2,"sponges",1993,"0"
2,"sponges",1994,"0"
2,"sponges",1995,"0"
2,"sponges",1996,"0"
2,"sponges",1997,"0"
2,"sponges",1998,"0"
2,"sponges",1999,"0"
2,"sponges",2000,"0"
2,"sponges",2001,"0"
2,"sponges",2002,"0"
2,"sponges",2003,"0"
2,"sponges",2004,"0"
2,"sponges",2005,"0"
2,"sponges",2006,"0"
2,"sponges",2007,"0"
2,"sponges",2008,"0"
2,"sponges",2009,"0"
2,"sponges",2010,"0"
2,"sponges",2011,"0"
3,"ornamentals",1977,"0"
3,"ornamentals",1978,"0"
3,"ornamentals",1979,"0"
3,"ornamentals",1980,"0"
3,"ornamentals",1981,"0"
3,"ornamentals",1982,"0"
3,"ornamentals",1983,"0"
3,"ornamentals",1984,"0"
3,"ornamentals",1985,"0"
3,"ornamentals",1986,"0"
3,"ornamentals",1987,"0"
3,"ornamentals",1988,"0"
3,"ornamentals",1989,"0"
3,"ornamentals",1990,"0"
3,"ornamentals",1991,"0"
3,"ornamentals",1992,"0"
3,"ornamentals",1993,"0"
3,"ornamentals",1994,"0"
3,"ornamentals",1995,"0"
3,"ornamentals",1996,"0"
3,"ornamentals",1997,"0"
3,"ornamentals",1998,"0"
3,"ornamentals",1999,"0"
3,"ornamentals",2000,"0"
3,"ornamentals",2001,"0"
3,"ornamentals",2002,"0"
3,"ornamentals",2003,"0"
3,"ornamentals",2004,"0"
3,"ornamentals",2005,"0"
3,"ornamentals",2006,"0"
3,"ornamentals",2007,"0"
3,"ornamentals",2008,"0"
3,"ornamentals",2009,"0"
3,"ornamentals",2010,"0"
3,"ornamentals",2011,"0"
3,"shells",1981,"0"
3,"shells",1982,"0"
3,"shells",1983,"0"
3,"shells",1984,"0"
3,"shells",1985,"0"
3,"shells",1986,"0"
3,"shells",1987,"0"
3,"shells",1988,"0"
3,"shells",1989,"0"
3,"shells",1990,"0"
3,"shells",1991,"0"
3,"shells",1992,"0"
3,"shells",1993,"0"
3,"shells",1994,"0"
3,"shells",1995,"0"
3,"shells",1996,"0"
3,"shells",1997,"0"
3,"shells",1998,"0"
3,"shells",1999,"0"
3,"shells",2000,"0"
3,"shells",2001,"0"
3,"shells",2002,"0"
3,"shells",2003,"0"
3,"shells",2004,"0"
3,"shells",2005,"0"
3,"shells",2006,"0"
3,"shells",2007,"0"
3,"shells",2008,"0"
3,"shells",2009,"0"
3,"shells",2010,"0"
3,"shells",2011,"0"
3,"sponges",1981,"0"
3,"sponges",1982,"0"
3,"sponges",1983,"0"
3,"sponges",1984,"0"
3,"sponges",1985,"0"
3,"sponges",1986,"0"
3,"sponges",1987,"0"
3,"sponges",1988,"0"
3,"sponges",1989,"0"
3,"sponges",1990,"0"
3,"sponges",1991,"0"
3,"sponges",1992,"0"
3,"sponges",1993,"0"
3,"sponges",1994,"0"
3,"sponges",1995,"0"
3,"sponges",1996,"0"
3,"sponges",1997,"0"
3,"sponges",1998,"0"
3,"sponges",1999,"0"
3,"sponges",2000,"0"
3,"sponges",2001,"0"
3,"sponges",2002,"0"
3,"sponges",2003,"0"
3,"sponges",2004,"0"
3,"sponges",2005,"0"
3,"sponges",2006,"0"
3,"sponges",2007,"0"
3,"sponges",2008,"0"
3,"sponges",2009,"0"
3,"sponges",2010,"0"
3,"sponges",2011,"0"
4,"ornamentals",1977,"0"
4,"ornamentals",1978,"0"
4,"ornamentals",1979,"0"
4,"ornamentals",1980,"0"
4,"ornamentals",1981,"0"
4,"ornamentals",1982,"0"
4,"ornamentals",1983,"0"
4,"ornamentals",1984,"0"
4,"ornamentals",1985,"0"
4,"ornamentals",1986,"0"
4,"ornamentals",1987,"0"
4,"ornamentals",1988,"0"
4,"ornamentals",1989,"0"
4,"ornamentals",1990,"0"
4,"ornamentals",1991,"0"
4,"ornamentals",1992,"0"
4,"ornamentals",1993,"0"
4,"ornamentals",1994,"0"
4,"ornamentals",1995,"0"
4,"ornamentals",1996,"0"
4,"ornamentals",1997,"0"
4,"ornamentals",1998,"0"
4,"ornamentals",1999,"0"
4,"ornamentals",2000,"0"
4,"ornamentals",2001,"0"
4,"ornamentals",2002,"0"
4,"ornamentals",2003,"0"
4,"ornamentals",2004,"0"
4,"ornamentals",2005,"0"
4,"ornamentals",2006,"0"
4,"ornamentals",2007,"0"
4,"ornamentals",2008,"0"
4,"ornamentals",2009,"0"
4,"ornamentals",2010,"0"
4,"ornamentals",2011,"0"
4,"shells",1981,"0"
4,"shells",1982,"0"
4,"shells",1983,"0"
4,"shells",1984,"0"
4,"shells",1985,"0"
4,"shells",1986,"0"
4,"shells",1987,"0"
4,"shells",1988,"0"
4,"shells",1989,"0"
4,"shells",1990,"0"
4,"shells",1991,"0"
4,"shells",1992,"0"
4,"shells",1993,"0"
4,"shells",1994,"0"
4,"shells",1995,"0"
4,"shells",1996,"0"
4,"shells",1997,"0"
4,"shells",1998,"0"
4,"shells",1999,"0"
4,"shells",2000,"0"
4,"shells",2001,"0"
4,"shells",2002,"0"
4,"shells",2003,"0"
4,"shells",2004,"0"
4,"shells",2005,"0"
4,"shells",2006,"0"
4,"shells",2007,"0"
4,"shells",2008,"0"
4,"shells",2009,"0"
4,"shells",2010,"0"
4,"shells",2011,"0"
4,"sponges",1981,"0"
4,"sponges",1982,"0"
4,"sponges",1983,"0"
4,"sponges",1984,"0"
4,"sponges",1985,"0"
4,"sponges",1986,"0"
4,"sponges",1987,"0"
4,"sponges",1988,"0"
4,"sponges",1989,"0"
4,"sponges",1990,"0"
4,"sponges",1991,"0"
4,"sponges",1992,"0"
4,"sponges",1993,"0"
4,"sponges",1994,"0"
4,"sponges",1995,"0"
4,"sponges",1996,"0"
4,"sponges",1997,"0"
4,"sponges",1998,"0"
4,"sponges",1999,"0"
4,"sponges",2000,"0"
4,"sponges",2001,"0"
4,"sponges",2002,"0"
4,"sponges",2003,"0"
4,"sponges",2004,"0"
4,"sponges",2005,"0"
4,"sponges",2006,"0"
4,"sponges",2007,"0"
4,"sponges",2008,"0"
4,"sponges",2009,"0"
4,"sponges",2010,"0"
4,"sponges",2011,"0"
5,"ornamentals",1977,"0"
5,"ornamentals",1978,"0"
5,"ornamentals",1979,"0"
5,"ornamentals",1980,"0"
5,"ornamentals",1981,"0"
5,"ornamentals",1982,"0"
5,"ornamentals",1983,"0"
5,"ornamentals",1984,"0"
5,"ornamentals",1985,"0"
5,"ornamentals",1986,"0"
5,"ornamentals",1987,"0"
5,"ornamentals",1988,"0"
5,"ornamentals",1989,"0"
5,"ornamentals",1990,"0"
5,"ornamentals",1991,"0"
5,"ornamentals",1992,"0"
5,"ornamentals",1993,"0"
5,"ornamentals",1994,"0"
5,"ornamentals",1995,"0"
5,"ornamentals",1996,"0"
5,"ornamentals",1997,"0"
5,"ornamentals",1998,"0"
5,"ornamentals",1999,"0"
5,"ornamentals",2000,"0"
5,"ornamentals",2001,"0"
5,"ornamentals",2002,"0"
5,"ornamentals",2003,"0"
5,"ornamentals",2004,"0"
5,"ornamentals",2005,"0"
5,"ornamentals",2006,"0"
5,"ornamentals",2007,"0"
5,"ornamentals",2008,"0"
5,"ornamentals",2009,"0"
5,"ornamentals",2010,"0"
5,"ornamentals",2011,"0"
5,"shells",1981,"0"
5,"shells",1982,"0"
5,"shells",1983,"0"
5,"shells",1984,"0"
5,"shells",1985,"0"
5,"shells",1986,"0"
5,"shells",1987,"0"
5,"shells",1988,"0"
5,"shells",1989,"0"
5,"shells",1990,"0"
5,"shells",1991,"0"
5,"shells",1992,"0"
5,"shells",1993,"0"
5,"shells",1994,"0"
5,"shells",1995,"0"
5,"shells",1996,"0"
5,"shells",1997,"0"
5,"shells",1998,"0"
5,"shells",1999,"0"
5,"shells",2000,"0"
5,"shells",2001,"0"
5,"shells",2002,"0"
5,"shells",2003,"0"
5,"shells",2004,"0"
5,"shells",2005,"0"
5,"shells",2006,"0"
5,"shells",2007,"0"
5,"shells",2008,"0"
5,"shells",2009,"0"
5,"shells",2010,"0"
5,"shells",2011,"0"
5,"sponges",1981,"0"
5,"sponges",1982,"0"
5,"sponges",1983,"0"
5,"sponges",1984,"0"
5,"sponges",1985,"0"
5,"sponges",1986,"0"
5,"sponges",1987,"0"
5,"sponges",1988,"0"
5,"sponges",1989,"0"
5,"sponges",1990,"0"
5,"sponges",1991,"0"
5,"sponges",1992,"0"
5,"sponges",1993,"0"
5,"sponges",1994,"0"
5,"sponges",1995,"0"
5,"sponges",1996,"0"
5,"sponges",1997,"0"
5,"sponges",1998,"0"
5,"sponges",1999,"0"
5,"sponges",2000,"0"
5,"sponges",2001,"0"
5,"sponges",2002,"0"
5,"sponges",2003,"0"
5,"sponges",2004,"0"
5,"sponges",2005,"0"
5,"sponges",2006,"0"
5,"sponges",2007,"0"
5,"sponges",2008,"0"
5,"sponges",2009,"0"
5,"sponges",2010,"0"
5,"sponges",2011,"0"
6,"ornamentals",1977,"0"
6,"ornamentals",1978,"0"
6,"ornamentals",1979,"0"
6,"ornamentals",1980,"0"
6,"ornamentals",1981,"0"
6,"ornamentals",1982,"0"
6,"ornamentals",1983,"0"
6,"ornamentals",1984,"0"
6,"ornamentals",1985,"0"
6,"ornamentals",1986,"0"
6,"ornamentals",1987,"0"
6,"ornamentals",1988,"0"
6,"ornamentals",1989,"0"
6,"ornamentals",1990,"0"
6,"ornamentals",1991,"0"
6,"ornamentals",1992,"0"
6,"ornamentals",1993,"0"
6,"ornamentals",1994,"0"
6,"ornamentals",1995,"0"
6,"ornamentals",1996,"0"
6,"ornamentals",1997,"0"
6,"ornamentals",1998,"0"
6,"ornamentals",1999,"0"
6,"ornamentals",2000,"0"
6,"ornamentals",2001,"0"
6,"ornamentals",2002,"0"
6,"ornamentals",2003,"0"
6,"ornamentals",2004,"0"
6,"ornamentals",2005,"0"
6,"ornamentals",2006,"0"
6,"ornamentals",2007,"0"
6,"ornamentals",2008,"0"
6,"ornamentals",2009,"0"
6,"ornamentals",2010,"0"
6,"ornamentals",2011,"0"
6,"shells",1981,"0"
6,"shells",1982,"0"
6,"shells",1983,"0"
6,"shells",1984,"0"
6,"shells",1985,"0"
6,"shells",1986,"0"
6,"shells",1987,"0"
6,"shells",1988,"0"
6,"shells",1989,"0"
6,"shells",1990,"0"
6,"shells",1991,"0"
6,"shells",1992,"0"
6,"shells",1993,"0"
6,"shells",1994,"0"
6,"shells",1995,"0"
6,"shells",1996,"0"
6,"shells",1997,"0"
6,"shells",1998,"0"
6,"shells",1999,"0"
6,"shells",2000,"0"
6,"shells",2001,"0"
6,"shells",2002,"0"
6,"shells",2003,"0"
6,"shells",2004,"0"
6,"shells",2005,"0"
6,"shells",2006,"0"
6,"shells",2007,"0"
6,"shells",2008,"0"
6,"shells",2009,"0"
6,"shells",2010,"0"
6,"shells",2011,"0"
6,"sponges",1981,"0"
6,"sponges",1982,"0"
6,"sponges",1983,"0"
6,"sponges",1984,"0"
6,"sponges",1985,"0"
6,"sponges",1986,"0"
6,"sponges",1987,"0"
6,"sponges",1988,"0"
6,"sponges",1989,"0"
6,"sponges",1990,"0"
6,"sponges",1991,"0"
6,"sponges",1992,"0"
6,"sponges",1993,"0"
6,"sponges",1994,"0"
6,"sponges",1995,"0"
6,"sponges",1996,"0"
6,"sponges",1997,"0"
6,"sponges",1998,"0"
6,"sponges",1999,"0"
6,"sponges",2000,"0"
6,"sponges",2001,"0"
6,"sponges",2002,"0"
6,"sponges",2003,"0"
6,"sponges",2004,"0"
6,"sponges",2005,"0"
6,"sponges",2006,"0"
6,"sponges",2007,"0"
6,"sponges",2008,"0"
6,"sponges",2009,"0"
6,"sponges",2010,"0"
6,"sponges",2011,"0"
7,"ornamentals",1977,"0"
7,"ornamentals",1978,"0"
7,"ornamentals",1979,"0"
7,"ornamentals",1980,"0"
7,"ornamentals",1981,"0"
7,"ornamentals",1982,"0"
7,"ornamentals",1983,"0"
7,"ornamentals",1984,"0"
7,"ornamentals",1985,"0"
7,"ornamentals",1986,"0"
7,"ornamentals",1987,"0"
7,"ornamentals",1988,"0"
7,"ornamentals",1989,"0"
7,"ornamentals",1990,"0"
7,"ornamentals",1991,"0"
7,"ornamentals",1992,"0"
7,"ornamentals",1993,"0"
7,"ornamentals",1994,"0"
7,"ornamentals",1995,"0"
7,"ornamentals",1996,"0"
7,"ornamentals",1997,"0"
7,"ornamentals",1998,"0"
7,"ornamentals",1999,"0"
7,"ornamentals",2000,"0"
7,"ornamentals",2001,"0"
7,"ornamentals",2002,"0"
7,"ornamentals",2003,"0"
7,"ornamentals",2004,"0"
7,"ornamentals",2005,"0"
7,"ornamentals",2006,"0"
7,"ornamentals",2007,"0"
7,"ornamentals",2008,"0"
7,"ornamentals",2009,"0"
7,"ornamentals",2010,"0"
7,"ornamentals",2011,"0"
7,"shells",1981,"0"
7,"shells",1982,"0"
7,"shells",1983,"0"
7,"shells",1984,"0"
7,"shells",1985,"0"
7,"shells",1986,"0"
7,"shells",1987,"0"
7,"shells",1988,"0"
7,"shells",1989,"0"
7,"shells",1990,"0"
7,"shells",1991,"0"
7,"shells",1992,"0"
7,"shells",1993,"0"
7,"shells",1994,"0"
7,"shells",1995,"0"
7,"shells",1996,"0"
7,"shells",1997,"0"
7,"shells",1998,"0"
7,"shells",1999,"0"
7,"shells",2000,"0"
7,"shells",2001,"0"
7,"shells",2002,"0"
7,"shells",2003,"0"
7,"shells",2004,"0"
7,"shells",2005,"0"
7,"shells",2006,"0"
7,"shells",2007,"0"
7,"shells",2008,"0"
7,"shells",2009,"0"
7,"shells",2010,"0"
7,"shells",2011,"0"
7,"sponges",1981,"0"
7,"sponges",1982,"0"
7,"sponges",1983,"0"
7,"sponges",1984,"0"
7,"sponges",1985,"0"
7,"sponges",1986,"0"
7,"sponges",1987,"0"
7,"sponges",1988,"0"
7,"sponges",1989,"0"
7,"sponges",1990,"0"
7,"sponges",1991,"0"
7,"sponges",1992,"0"
7,"sponges",1993,"0"
7,"sponges",1994,"0"
7,"sponges",1995,"0"
7,"sponges",1996,"0"
7,"sponges",1997,"0"
7,"sponges",1998,"0"
7,"sponges",1999,"0"
7,"sponges",2000,"0"
7,"sponges",2001,"0"
7,"sponges",2002,"0"
7,"sponges",2003,"0"
7,"sponges",2004,"0"
7,"sponges",2005,"0"
7,"sponges",2006,"0"
7,"sponges",2007,"0"
7,"sponges",2008,"0"
7,"sponges",2009,"0"
7,"sponges",2010,"0"
7,"sponges",2011,"0"
8,"ornamentals",1977,"0"
8,"ornamentals",1978,"0"
8,"ornamentals",1979,"0"
8,"ornamentals",1980,"0"
8,"ornamentals",1981,"0"
8,"ornamentals",1982,"0"
8,"ornamentals",1983,"0"
8,"ornamentals",1984,"0"
8,"ornamentals",1985,"0"
8,"ornamentals",1986,"0"
8,"ornamentals",1987,"0"
8,"ornamentals",1988,"0"
8,"ornamentals",1989,"0"
8,"ornamentals",1990,"0"
8,"ornamentals",1991,"0"
8,"ornamentals",1992,"0"
8,"ornamentals",1993,"0"
8,"ornamentals",1994,"0"
8,"ornamentals",1995,"0"
8,"ornamentals",1996,"0"
8,"ornamentals",1997,"0"
8,"ornamentals",1998,"0"
8,"ornamentals",1999,"0"
8,"ornamentals",2000,"0"
8,"ornamentals",2001,"0"
8,"ornamentals",2002,"0"
8,"ornamentals",2003,"0"
8,"ornamentals",2004,"0"
8,"ornamentals",2005,"0"
8,"ornamentals",2006,"0"
8,"ornamentals",2007,"0"
8,"ornamentals",2008,"0"
8,"ornamentals",2009,"0"
8,"ornamentals",2010,"0"
8,"ornamentals",2011,"0"
8,"shells",1981,"0"
8,"shells",1982,"0"
8,"shells",1983,"0"
8,"shells",1984,"0"
8,"shells",1985,"0"
8,"shells",1986,"0"
8,"shells",1987,"0"
8,"shells",1988,"0"
8,"shells",1989,"0"
8,"shells",1990,"0"
8,"shells",1991,"0"
8,"shells",1992,"0"
8,"shells",1993,"0"
8,"shells",1994,"0"
8,"shells",1995,"0"
8,"shells",1996,"0"
8,"shells",1997,"0"
8,"shells",1998,"0"
8,"shells",1999,"0"
8,"shells",2000,"0"
8,"shells",2001,"0"
8,"shells",2002,"0"
8,"shells",2003,"0"
8,"shells",2004,"0"
8,"shells",2005,"0"
8,"shells",2006,"0"
8,"shells",2007,"0"
8,"shells",2008,"0"
8,"shells",2009,"0"
8,"shells",2010,"0"
8,"shells",2011,"0"
8,"sponges",1981,"0"
8,"sponges",1982,"0"
8,"sponges",1983,"0"
8,"sponges",1984,"0"
8,"sponges",1985,"0"
8,"sponges",1986,"0"
8,"sponges",1987,"0"
8,"sponges",1988,"0"
8,"sponges",1989,"0"
8,"sponges",1990,"0"
8,"sponges",1991,"0"
8,"sponges",1992,"0"
8,"sponges",1993,"0"
8,"sponges",1994,"0"
8,"sponges",1995,"0"
8,"sponges",1996,"0"
8,"sponges",1997,"0"
8,"sponges",1998,"0"
8,"sponges",1999,"0"
8,"sponges",2000,"0"
8,"sponges",2001,"0"
8,"sponges",2002,"0"
8,"sponges",2003,"0"
8,"sponges",2004,"0"
8,"sponges",2005,"0"
8,"sponges",2006,"0"
8,"sponges",2007,"0"
8,"sponges",2008,"0"
8,"sponges",2009,"0"
8,"sponges",2010,"0"
8,"sponges",2011,"0"
9,"ornamentals",1977,"0"
9,"ornamentals",1978,"0"
9,"ornamentals",1979,"0"
9,"ornamentals",1980,"0"
9,"ornamentals",1981,"0"
9,"ornamentals",1982,"0"
9,"ornamentals",1983,"0"
9,"ornamentals",1984,"0"
9,"ornamentals",1985,"0"
9,"ornamentals",1986,"0"
9,"ornamentals",1987,"0"
9,"ornamentals",1988,"0"
9,"ornamentals",1989,"0"
9,"ornamentals",1990,"0"
9,"ornamentals",1991,"0"
9,"ornamentals",1992,"0"
9,"ornamentals",1993,"0"
9,"ornamentals",1994,"0"
9,"ornamentals",1995,"0"
9,"ornamentals",1996,"0"
9,"ornamentals",1997,"0"
9,"ornamentals",1998,"0"
9,"ornamentals",1999,"0"
9,"ornamentals",2000,"0"
9,"ornamentals",2001,"0"
9,"ornamentals",2002,"0"
9,"ornamentals",2003,"0"
9,"ornamentals",2004,"0"
9,"ornamentals",2005,"0"
9,"ornamentals",2006,"0"
9,"ornamentals",2007,"0"
9,"ornamentals",2008,"0"
9,"ornamentals",2009,"0"
9,"ornamentals",2010,"0"
9,"ornamentals",2011,"0"
9,"shells",1981,"0"
9,"shells",1982,"0"
9,"shells",1983,"0"
9,"shells",1984,"0"
9,"shells",1985,"0"
9,"shells",1986,"0"
9,"shells",1987,"0"
9,"shells",1988,"0"
9,"shells",1989,"0"
9,"shells",1990,"0"
9,"shells",1991,"0"
9,"shells",1992,"0"
9,"shells",1993,"0"
9,"shells",1994,"0"
9,"shells",1995,"0"
9,"shells",1996,"0"
9,"shells",1997,"0"
9,"shells",1998,"0"
9,"shells",1999,"0"
9,"shells",2000,"0"
9,"shells",2001,"0"
9,"shells",2002,"0"
9,"shells",2003,"0"
9,"shells",2004,"0"
9,"shells",2005,"0"
9,"shells",2006,"0"
9,"shells",2007,"0"
9,"shells",2008,"0"
9,"shells",2009,"0"
9,"shells",2010,"0"
9,"shells",2011,"0"
9,"sponges",1981,"0"
9,"sponges",1982,"0"
9,"sponges",1983,"0"
9,"sponges",1984,"0"
9,"sponges",1985,"0"
9,"sponges",1986,"0"
9,"sponges",1987,"0"
9,"sponges",1988,"0"
9,"sponges",1989,"0"
9,"sponges",1990,"0"
9,"sponges",1991,"0"
9,"sponges",1992,"0"
9,"sponges",1993,"0"
9,"sponges",1994,"0"
9,"sponges",1995,"0"
9,"sponges",1996,"0"
9,"sponges",1997,"0"
9,"sponges",1998,"0"
9,"sponges",1999,"0"
9,"sponges",2000,"0"
9,"sponges",2001,"0"
9,"sponges",2002,"0"
9,"sponges",2003,"0"
9,"sponges",2004,"0"
9,"sponges",2005,"0"
9,"sponges",2006,"0"
9,"sponges",2007,"0"
9,"sponges",2008,"0"
9,"sponges",2009,"0"
9,"sponges",2010,"0"
9,"sponges",2011,"0"
10,"ornamentals",1977,"0"
10,"ornamentals",1978,"0"
10,"ornamentals",1979,"0"
10,"ornamentals",1980,"0"
10,"ornamentals",1981,"0"
10,"ornamentals",1982,"0"
10,"ornamentals",1983,"0"
10,"ornamentals",1984,"0"
10,"ornamentals",1985,"0"
10,"ornamentals",1986,"0"
10,"ornamentals",1987,"0"
10,"ornamentals",1988,"0"
10,"ornamentals",1989,"0"
10,"ornamentals",1990,"0"
10,"ornamentals",1991,"0"
10,"ornamentals",1992,"0"
10,"ornamentals",1993,"0"
10,"ornamentals",1994,"0"
10,"ornamentals",1995,"0"
10,"ornamentals",1996,"0"
10,"ornamentals",1997,"0"
10,"ornamentals",1998,"0"
10,"ornamentals",1999,"0"
10,"ornamentals",2000,"0"
10,"ornamentals",2001,"0"
10,"ornamentals",2002,"0"
10,"ornamentals",2003,"0"
10,"ornamentals",2004,"0"
10,"ornamentals",2005,"0"
10,"ornamentals",2006,"0"
10,"ornamentals",2007,"0"
10,"ornamentals",2008,"0"
10,"ornamentals",2009,"0"
10,"ornamentals",2010,"0"
10,"ornamentals",2011,"0"
10,"shells",1981,"0"
10,"shells",1982,"0"
10,"shells",1983,"0"
10,"shells",1984,"0"
10,"shells",1985,"0"
10,"shells",1986,"0"
10,"shells",1987,"0"
10,"shells",1988,"0"
10,"shells",1989,"0"
10,"shells",1990,"0"
10,"shells",1991,"0"
10,"shells",1992,"0"
10,"shells",1993,"0"
10,"shells",1994,"0"
10,"shells",1995,"0"
10,"shells",1996,"0"
10,"shells",1997,"0"
10,"shells",1998,"0"
10,"shells",1999,"0"
10,"shells",2000,"0"
10,"shells",2001,"0"
10,"shells",2002,"0"
10,"shells",2003,"0"
10,"shells",2004,"0"
10,"shells",2005,"0"
10,"shells",2006,"0"
10,"shells",2007,"0"
10,"shells",2008,"0"
10,"shells",2009,"0"
10,"shells",2010,"0"
10,"shells",2011,"0"
10,"sponges",1981,"0"
10,"sponges",1982,"0"
10,"sponges",1983,"0"
10,"sponges",1984,"0"
10,"sponges",1985,"0"
10,"sponges",1986,"0"
10,"sponges",1987,"0"
10,"sponges",1988,"0"
10,"sponges",1989,"0"
10,"sponges",1990,"0"
10,"sponges",1991,"0"
10,"sponges",1992,"0"
10,"sponges",1993,"0"
10,"sponges",1994,"0"
10,"sponges",1995,"0"
10,"sponges",1996,"0"
10,"sponges",1997,"0"
10,"sponges",1998,"0"
10,"sponges",1999,"0"
10,"sponges",2000,"0"
10,"sponges",2001,"0"
10,"sponges",2002,"0"
10,"sponges",2003,"0"
10,"sponges",2004,"0"
10,"sponges",2005,"0"
10,"sponges",2006,"0"
10,"sponges",2007,"0"
10,"sponges",2008,"0"
10,"sponges",2009,"0"
10,"sponges",2010,"0"
10,"sponges",2011,"0"
